{
  "welcomeFile": "/webapp/index.html",
  "routes": [
    {
      "path": "/sap/opu/odata",
      "target": {
        "type": "destination",
        "name": "enoc_fiori_fes_webide",
        "entryPath": "/sap/opu/odata"
      },
      "description": "Fiori FES Development"
    },
    {
      "path": "/sap/bc/ui5_ui5",
      "target": {
        "type": "destination",
        "name": "enoc_fiori_fes_webide",
        "entryPath": "/sap/bc/ui5_ui5"
      },
      "description": "Fiori FES Development"
    },
    {
      "path": "/resources/sap/oil/tsw/lib/reuse",
      "target": {
        "type": "destination",
        "name": "enoc_fiori_fes_webide",
        "entryPath": "/sap/bc/ui5_ui5/sap/tsw_eventpages1",
        "preferLocal": true
      },
      "description": "sap/oil/tsw/lib/reuse Reuse Library"
    },
    {
      "path": "/webapp/resources/sap/oil/tsw/lib/reuse",
      "target": {
        "type": "destination",
        "name": "enoc_fiori_fes_webide",
        "entryPath": "/sap/bc/ui5_ui5/sap/tsw_eventpages1",
        "preferLocal": true
      },
      "description": "sap/oil/tsw/lib/reuse Reuse Library"
    },
    {
      "path": "/webapp/resources",
      "target": {
        "type": "service",
        "name": "sapui5",
        "entryPath": "/resources",
        "version": "1.71.4"
      },
      "description": "SAPUI5 Resources"
    },
    {
      "path": "/webapp/test-resources",
      "target": {
        "type": "service",
        "name": "sapui5",
        "entryPath": "/test-resources",
        "version": "1.71.4"
      },
      "description": "SAPUI5 Test Resources"
    },
    {
      "path": "/dist/resources/sap/oil/tsw/lib/reuse",
      "target": {
        "type": "destination",
        "name": "enoc_fiori_fes_webide",
        "entryPath": "/sap/bc/ui5_ui5/sap/tsw_eventpages1",
        "preferLocal": true
      },
      "description": "sap/oil/tsw/lib/reuse Reuse Library"
    },
    {
      "path": "/dist/resources",
      "target": {
        "type": "service",
        "name": "sapui5",
        "entryPath": "/resources",
        "version": "1.71.4"
      },
      "description": "SAPUI5 Resources"
    },
    {
      "path": "/dist/test-resources",
      "target": {
        "type": "service",
        "name": "sapui5",
        "entryPath": "/test-resources",
        "version": "1.71.4"
      },
      "description": "SAPUI5 Test Resources"
    },
    {
      "path": "/resources",
      "target": {
        "type": "service",
        "name": "sapui5",
        "entryPath": "/resources",
        "version": "1.71.4"
      },
      "description": "SAPUI5 Resources"
    },
    {
      "path": "/test-resources",
      "target": {
        "type": "service",
        "name": "sapui5",
        "entryPath": "/test-resources",
        "version": "1.71.4"
      },
      "description": "SAPUI5 Test Resources"
    }
  ],
  "sendWelcomeFileRedirect": true
}